sample,n_bursts_all,n_bursts_do,n_bursts_fret,E_kde_w,E_gauss_w,E_gauss_w_sig,E_gauss_w_err,S_kde,S_gauss,S_gauss_sig,S_gauss_err,E_pr_do_kde,E_pr_do_hsm,E_pr_do_gauss,nt_mean
7d, 1686, 1396, 151, 0.843000, 0.795435, 0.089812, 0.007309, 0.636000, 0.601757, 0.093175, 0.007582, 0.095400, 0.083806, 0.092120, 28.148237
12d, 1915, 722, 1092, 0.714000, 0.706765, 0.075569, 0.002287, 0.559200, 0.587225, 0.101999, 0.003087, 0.091600, 0.086989, 0.091178, 27.970313
17d, 4501, 1045, 3276, 0.463400, 0.447667, 0.102266, 0.001787, 0.570200, 0.574012, 0.109407, 0.001911, 0.095000, 0.095650, 0.095034, 29.152810
22d, 3456, 580, 2750, 0.264200, 0.265565, 0.067100, 0.001280, 0.563400, 0.570735, 0.109626, 0.002090, 0.081000, 0.084635, 0.088650, 31.912677
27d, 1397, 401, 943, 0.181000, 0.183239, 0.054042, 0.001760, 0.617600, 0.601480, 0.108081, 0.003520, 0.079800, 0.056870, 0.081928, 23.297139
